-- TCS_Jerusalem_Database
-- Author: thecrazyscotsman
-- DateCreated: 8/30/2017 1:37:53 PM
--------------------------------------------------------------

--=====
--TYPES
--=====
INSERT INTO Types (Type, Kind)
	VALUES
		('TCS_CIVILIZATION_JERUSALEM', 'KIND_CIVILIZATION'),
		('TCS_UNIT_CRUSADER', 'KIND_UNIT'),
		('TCS_BUILDING_CHAPTER_COMMANDERY', 'KIND_BUILDING'),
		('TCS_TRAIT_CIVILIZATION_DEUS_VULT', 'KIND_TRAIT'),
		('TCS_TRAIT_CIVILIZATION_UNIT_JERUSALEM_CRUSADER', 'KIND_TRAIT'),
		('TCS_TRAIT_CIVILIZATION_BUILDING_CHAPTER_COMMANDERY', 'KIND_TRAIT'),
		('TCS_CHAPTER_COMMANDERY_FREE_UNIT_BY_CLASS', 'KIND_MODIFIER'),
		('TCS_JERUSALEM_PLAYER_CITIES_ADJUST_UNIT_PRODUCTION', 'KIND_MODIFIER');

--=============
--CIVILIZATIONS
--=============
INSERT INTO Civilizations (CivilizationType, Name, Description, Adjective, StartingCivilizationLevelType, RandomCityNameDepth, Ethnicity)
	VALUES
		('TCS_CIVILIZATION_JERUSALEM', 'LOC_TCS_CIVILIZATION_JERUSALEM_NAME', 'LOC_TCS_CIVILIZATION_JERUSALEM_DESCRIPTION', 'LOC_TCS_CIVILIZATION_JERUSALEM_ADJECTIVE', 'CIVILIZATION_LEVEL_FULL_CIV', 10, 'ETHNICITY_MEDIT'); 

--======================
--CITY-STATE REPLACEMENT
--======================
UPDATE Civilizations
SET Name = 'LOC_TCS_CIVILIZATION_VARANASI_NAME', Description = 'LOC_TCS_CIVILIZATION_VARANASI_DESCRIPTION', Adjective = 'LOC_TCS_CIVILIZATION_VARANASI_ADJECTIVE'
WHERE CivilizationType = 'CIVILIZATION_JERUSALEM';

UPDATE CivilizationLeaders
SET CapitalName = 'LOC_TCS_CITY_NAME_VARANASI'
WHERE CivilizationType = 'CIVILIZATION_JERUSALEM';

UPDATE CityNames
SET CityName = 'LOC_TCS_CITY_NAME_VARANASI'
WHERE CivilizationType = 'CIVILIZATION_JERUSALEM';

UPDATE Leaders
SET Name = 'LOC_TCS_CIVILIZATION_VARANASI_NAME'
WHERE LeaderType = 'LEADER_MINOR_CIV_JERUSALEM';

UPDATE Traits
SET Name = 'LOC_TCS_LEADER_TRAIT_VARANASI_NAME'
WHERE TraitType = 'MINOR_CIV_JERUSALEM_TRAIT';

--========
--BUILDINGS
--========
INSERT INTO BuildingReplaces (CivUniqueBuildingType, ReplacesBuildingType)
	VALUES
		('TCS_BUILDING_CHAPTER_COMMANDERY', 'BUILDING_BARRACKS');

INSERT INTO Buildings (BuildingType, Name, Description, PrereqTech, PrereqDistrict, PurchaseYield, Cost, AdvisorType, Maintenance, CitizenSlots, Housing, TraitType)
	VALUES
		('TCS_BUILDING_CHAPTER_COMMANDERY', 'LOC_TCS_BUILDING_CHAPTER_COMMANDERY_NAME', 'LOC_TCS_BUILDING_CHAPTER_COMMANDERY_DESCRIPTION', 'TECH_BRONZE_WORKING', 'DISTRICT_ENCAMPMENT', 'YIELD_FAITH', 90, 'ADVISOR_CONQUEST', 1, 1, 1, 'TCS_TRAIT_CIVILIZATION_BUILDING_CHAPTER_COMMANDERY');
		
INSERT INTO Building_YieldChanges (BuildingType, YieldType, YieldChange)
	VALUES
		('TCS_BUILDING_CHAPTER_COMMANDERY', 'YIELD_PRODUCTION', 1);

INSERT INTO Building_GreatPersonPoints (BuildingType, GreatPersonClassType, PointsPerTurn)
	VALUES
		('TCS_BUILDING_CHAPTER_COMMANDERY', 'GREAT_PERSON_CLASS_GENERAL', 1);

INSERT INTO MutuallyExclusiveBuildings (Building, MutuallyExclusiveBuilding)
	VALUES
		('TCS_BUILDING_CHAPTER_COMMANDERY', 'BUILDING_STABLE'),
		('BUILDING_STABLE', 'TCS_BUILDING_CHAPTER_COMMANDERY');

INSERT INTO BuildingModifiers (BuildingType, ModifierId)
	VALUES
		('TCS_BUILDING_CHAPTER_COMMANDERY', 'BARRACKS_TRAINED_UNIT_XP_MODIFIER'),
		('TCS_BUILDING_CHAPTER_COMMANDERY', 'STABLE_TRAINED_UNIT_XP_MODIFIER'),
		('TCS_BUILDING_CHAPTER_COMMANDERY', 'TCS_CHAPTER_COMMANDERY_ADJUST_GARRISON_STRENGTH'),
		('TCS_BUILDING_CHAPTER_COMMANDERY', 'TCS_CHAPTER_COMMANDERY_GRANT_FREE_MELEE_UNIT');

INSERT INTO DynamicModifiers	(ModifierType, CollectionType, EffectType)
	VALUES
		('TCS_CHAPTER_COMMANDERY_FREE_UNIT_BY_CLASS', 'COLLECTION_OWNER', 'EFFECT_GRANT_UNIT_BY_CLASS');
		
INSERT INTO Modifiers (ModifierId, ModifierType, Permanent)
	VALUES
		('TCS_CHAPTER_COMMANDERY_ADJUST_GARRISON_STRENGTH', 'MODIFIER_PLAYER_CITIES_ADJUST_INNER_DEFENSE', 0),
		('TCS_CHAPTER_COMMANDERY_GRANT_FREE_MELEE_UNIT', 'TCS_CHAPTER_COMMANDERY_FREE_UNIT_BY_CLASS', 1);

INSERT INTO ModifierArguments (ModifierId, Name, Value)
	VALUES
		('TCS_CHAPTER_COMMANDERY_ADJUST_GARRISON_STRENGTH', 'Amount', 3),
		('TCS_CHAPTER_COMMANDERY_GRANT_FREE_MELEE_UNIT', 'UnitPromotionClassType', 'PROMOTION_CLASS_MELEE');

--==========
--DISTRICTS
--==========
INSERT INTO District_Adjacencies (DistrictType, YieldChangeId)
	VALUES
		('DISTRICT_HOLY_SITE', 'TCS_Jerusalem_Encampment_Faith');

INSERT INTO Adjacency_YieldChanges (ID, Description, YieldType, YieldChange, TilesRequired, AdjacentDistrict)
	VALUES
		('TCS_Jerusalem_Encampment_Faith', 'LOC_TCS_JERUSALEM_ENCAMPMENT_FAITH_ADJACENCY', 'YIELD_FAITH', 2, 1, 'DISTRICT_ENCAMPMENT');

INSERT INTO ExcludedAdjacencies (TraitType, YieldChangeId)
SELECT DISTINCT TraitType, 'TCS_Jerusalem_Encampment_Faith'
FROM CivilizationTraits WHERE TraitType IS NOT 'TRAIT_BARBARIAN' 
AND TraitType IS NOT 'TCS_TRAIT_CIVILIZATION_DEUS_VULT'
AND TraitType IS NOT 'TCS_TRAIT_CIVILIZATION_UNIT_JERUSALEM_CRUSADER'
AND TraitType IS NOT 'TCS_TRAIT_CIVILIZATION_BUILDING_CHAPTER_COMMANDERY';

--=====
--UNITS
--=====		
INSERT INTO UnitAiInfos (UnitType, AiType)
	VALUES
		('TCS_UNIT_CRUSADER', 'UNITAI_COMBAT'),
		('TCS_UNIT_CRUSADER', 'UNITAI_EXPLORE'),
		('TCS_UNIT_CRUSADER', 'UNITTYPE_MELEE'),
		('TCS_UNIT_CRUSADER', 'UNITTYPE_CAVALRY'),
		('TCS_UNIT_CRUSADER', 'UNITTYPE_LAND_COMBAT');

INSERT INTO UnitReplaces (CivUniqueUnitType, ReplacesUnitType)
	VALUES
		('TCS_UNIT_CRUSADER', 'UNIT_KNIGHT');
		
INSERT INTO TypeTags (Type, Tag)
	VALUES
		('TCS_UNIT_CRUSADER', 'CLASS_HEAVY_CAVALRY');

INSERT INTO Units (UnitType, BaseMoves, Cost, AdvisorType, BaseSightRange, ZoneOfControl, Domain, FormationClass, Name, Description, PurchaseYield, PromotionClass, Maintenance, Combat, MandatoryObsoleteTech, PrereqTech, TraitType)
	VALUES
		('TCS_UNIT_CRUSADER', 4, 200, 'ADVISOR_CONQUEST', 2, 1, 'DOMAIN_LAND', 'FORMATION_CLASS_LAND_COMBAT', 'LOC_TCS_UNIT_CRUSADER_NAME', 'LOC_TCS_UNIT_CRUSADER_DESCRIPTION', 'YIELD_FAITH', 'PROMOTION_CLASS_HEAVY_CAVALRY', 3, 52, 'TECH_COMPOSITES', 'TECH_STIRRUPS', 'TCS_TRAIT_CIVILIZATION_UNIT_JERUSALEM_CRUSADER');

INSERT INTO UnitUpgrades (Unit, UpgradeUnit)
	VALUES
		('TCS_UNIT_CRUSADER', 'UNIT_TANK');

--==============
--CIVILIZATION INFO		
--==============
INSERT INTO CivilizationInfo (CivilizationType, Header, Caption, SortIndex)
	VALUES
		('TCS_CIVILIZATION_JERUSALEM', 'LOC_CIVINFO_LOCATION', 'LOC_CIVINFO_JERUSALEM_LOCATION', 10),
		('TCS_CIVILIZATION_JERUSALEM', 'LOC_CIVINFO_SIZE', 'LOC_CIVINFO_JERUSALEM_SIZE', 20),
		('TCS_CIVILIZATION_JERUSALEM', 'LOC_CIVINFO_POPULATION', 'LOC_CIVINFO_JERUSALEM_POPULATION', 30),
		('TCS_CIVILIZATION_JERUSALEM', 'LOC_CIVINFO_CAPITAL', 'LOC_CIVINFO_JERUSALEM_CAPITAL', 40);

--==========
--CITY NAMES
--==========		
INSERT INTO CityNames (CivilizationType, CityName)
    VALUES
        ('TCS_CIVILIZATION_JERUSALEM', 'LOC_TCS_CITY_NAME_JERUSALEM'),
        ('TCS_CIVILIZATION_JERUSALEM', 'LOC_TCS_CITY_NAME_ACRE'),
        ('TCS_CIVILIZATION_JERUSALEM', 'LOC_TCS_CITY_NAME_TYRE'),
        ('TCS_CIVILIZATION_JERUSALEM', 'LOC_TCS_CITY_NAME_ASCALON'),
        ('TCS_CIVILIZATION_JERUSALEM', 'LOC_TCS_CITY_NAME_JAFFA'),
        ('TCS_CIVILIZATION_JERUSALEM', 'LOC_TCS_CITY_NAME_KERAK'),
        ('TCS_CIVILIZATION_JERUSALEM', 'LOC_TCS_CITY_NAME_RAMLA'),
        ('TCS_CIVILIZATION_JERUSALEM', 'LOC_TCS_CITY_NAME_IBELIN'),
        ('TCS_CIVILIZATION_JERUSALEM', 'LOC_TCS_CITY_NAME_MIRABEL'),
        ('TCS_CIVILIZATION_JERUSALEM', 'LOC_TCS_CITY_NAME_TIBERIAS'),
        ('TCS_CIVILIZATION_JERUSALEM', 'LOC_TCS_CITY_NAME_NAZARETH'),
        ('TCS_CIVILIZATION_JERUSALEM', 'LOC_TCS_CITY_NAME_HAIFA'),
        ('TCS_CIVILIZATION_JERUSALEM', 'LOC_TCS_CITY_NAME_BEIRUT'),
        ('TCS_CIVILIZATION_JERUSALEM', 'LOC_TCS_CITY_NAME_BANIAS'),
        ('TCS_CIVILIZATION_JERUSALEM', 'LOC_TCS_CITY_NAME_TORON'),
        ('TCS_CIVILIZATION_JERUSALEM', 'LOC_TCS_CITY_NAME_CASTEL_NEUF'),
        ('TCS_CIVILIZATION_JERUSALEM', 'LOC_TCS_CITY_NAME_SIDON'),
        ('TCS_CIVILIZATION_JERUSALEM', 'LOC_TCS_CITY_NAME_MONS_REGALIS'),
        ('TCS_CIVILIZATION_JERUSALEM', 'LOC_TCS_CITY_NAME_BEAUFORT'),
        ('TCS_CIVILIZATION_JERUSALEM', 'LOC_TCS_CITY_NAME_ARSUF'),
        ('TCS_CIVILIZATION_JERUSALEM', 'LOC_TCS_CITY_NAME_BETHSAN'),
        ('TCS_CIVILIZATION_JERUSALEM', 'LOC_TCS_CITY_NAME_BLANCHEGARDE'),
        ('TCS_CIVILIZATION_JERUSALEM', 'LOC_TCS_CITY_NAME_CAYMONT'),
        ('TCS_CIVILIZATION_JERUSALEM', 'LOC_TCS_CITY_NAME_DERA'),
        ('TCS_CIVILIZATION_JERUSALEM', 'LOC_TCS_CITY_NAME_HEBRON'),
        ('TCS_CIVILIZATION_JERUSALEM', 'LOC_TCS_CITY_NAME_BETH_GIBELIN'),
        ('TCS_CIVILIZATION_JERUSALEM', 'LOC_TCS_CITY_NAME_MONTGISARD'),
        ('TCS_CIVILIZATION_JERUSALEM', 'LOC_TCS_CITY_NAME_NABLUS'),
        ('TCS_CIVILIZATION_JERUSALEM', 'LOC_TCS_CITY_NAME_SCANDELEON'),
        ('TCS_CIVILIZATION_JERUSALEM', 'LOC_TCS_CITY_NAME_LYDDA');

--============
--CITIZEN NAMES
--============
INSERT INTO CivilizationCitizenNames (CivilizationType, CitizenName, Female, Modern)
	VALUES
		('TCS_CIVILIZATION_JERUSALEM',  'LOC_CITIZEN_TCS_JERUSALEM_MALE_1', 0, 0),
		('TCS_CIVILIZATION_JERUSALEM',  'LOC_CITIZEN_TCS_JERUSALEM_MALE_2', 0, 0),
		('TCS_CIVILIZATION_JERUSALEM',  'LOC_CITIZEN_TCS_JERUSALEM_MALE_3', 0, 0),
		('TCS_CIVILIZATION_JERUSALEM',  'LOC_CITIZEN_TCS_JERUSALEM_MALE_4', 0, 0),
		('TCS_CIVILIZATION_JERUSALEM',  'LOC_CITIZEN_TCS_JERUSALEM_MALE_5', 0, 0),
		('TCS_CIVILIZATION_JERUSALEM',  'LOC_CITIZEN_TCS_JERUSALEM_MALE_6', 0, 0),
		('TCS_CIVILIZATION_JERUSALEM',  'LOC_CITIZEN_TCS_JERUSALEM_MALE_7', 0, 0),
		('TCS_CIVILIZATION_JERUSALEM',  'LOC_CITIZEN_TCS_JERUSALEM_MALE_8', 0, 0),
		('TCS_CIVILIZATION_JERUSALEM',  'LOC_CITIZEN_TCS_JERUSALEM_MALE_9', 0, 0),
		('TCS_CIVILIZATION_JERUSALEM',  'LOC_CITIZEN_TCS_JERUSALEM_MALE_10', 0, 0),
		('TCS_CIVILIZATION_JERUSALEM',  'LOC_CITIZEN_TCS_JERUSALEM_FEMALE_1', 1, 0),
		('TCS_CIVILIZATION_JERUSALEM',  'LOC_CITIZEN_TCS_JERUSALEM_FEMALE_2', 1, 0),
		('TCS_CIVILIZATION_JERUSALEM',  'LOC_CITIZEN_TCS_JERUSALEM_FEMALE_3', 1, 0),
		('TCS_CIVILIZATION_JERUSALEM',  'LOC_CITIZEN_TCS_JERUSALEM_FEMALE_4', 1, 0),
		('TCS_CIVILIZATION_JERUSALEM',  'LOC_CITIZEN_TCS_JERUSALEM_FEMALE_5', 1, 0),
		('TCS_CIVILIZATION_JERUSALEM',  'LOC_CITIZEN_TCS_JERUSALEM_FEMALE_6', 1, 0),
		('TCS_CIVILIZATION_JERUSALEM',  'LOC_CITIZEN_TCS_JERUSALEM_FEMALE_7', 1, 0),
		('TCS_CIVILIZATION_JERUSALEM',  'LOC_CITIZEN_TCS_JERUSALEM_FEMALE_8', 1, 0),
		('TCS_CIVILIZATION_JERUSALEM',  'LOC_CITIZEN_TCS_JERUSALEM_FEMALE_9', 1, 0),
		('TCS_CIVILIZATION_JERUSALEM',  'LOC_CITIZEN_TCS_JERUSALEM_FEMALE_10', 1, 0),
		('TCS_CIVILIZATION_JERUSALEM',  'LOC_CITIZEN_TCS_JERUSALEM_MODERN_MALE_1', 0, 1),
		('TCS_CIVILIZATION_JERUSALEM',  'LOC_CITIZEN_TCS_JERUSALEM_MODERN_MALE_2', 0, 1),
		('TCS_CIVILIZATION_JERUSALEM',  'LOC_CITIZEN_TCS_JERUSALEM_MODERN_MALE_3', 0, 1),
		('TCS_CIVILIZATION_JERUSALEM',  'LOC_CITIZEN_TCS_JERUSALEM_MODERN_MALE_4', 0, 1),
		('TCS_CIVILIZATION_JERUSALEM',  'LOC_CITIZEN_TCS_JERUSALEM_MODERN_MALE_5', 0, 1),
		('TCS_CIVILIZATION_JERUSALEM',  'LOC_CITIZEN_TCS_JERUSALEM_MODERN_MALE_6', 0, 1),
		('TCS_CIVILIZATION_JERUSALEM',  'LOC_CITIZEN_TCS_JERUSALEM_MODERN_MALE_7', 0, 1),
		('TCS_CIVILIZATION_JERUSALEM',  'LOC_CITIZEN_TCS_JERUSALEM_MODERN_MALE_8', 0, 1),
		('TCS_CIVILIZATION_JERUSALEM',  'LOC_CITIZEN_TCS_JERUSALEM_MODERN_MALE_9', 0, 1),
		('TCS_CIVILIZATION_JERUSALEM',  'LOC_CITIZEN_TCS_JERUSALEM_MODERN_MALE_10', 0, 1),
		('TCS_CIVILIZATION_JERUSALEM',  'LOC_CITIZEN_TCS_JERUSALEM_MODERN_FEMALE_1', 1, 1),
		('TCS_CIVILIZATION_JERUSALEM',  'LOC_CITIZEN_TCS_JERUSALEM_MODERN_FEMALE_2', 1, 1),
		('TCS_CIVILIZATION_JERUSALEM',  'LOC_CITIZEN_TCS_JERUSALEM_MODERN_FEMALE_3', 1, 1),
		('TCS_CIVILIZATION_JERUSALEM',  'LOC_CITIZEN_TCS_JERUSALEM_MODERN_FEMALE_4', 1, 1),
		('TCS_CIVILIZATION_JERUSALEM',  'LOC_CITIZEN_TCS_JERUSALEM_MODERN_FEMALE_5', 1, 1),
		('TCS_CIVILIZATION_JERUSALEM',  'LOC_CITIZEN_TCS_JERUSALEM_MODERN_FEMALE_6', 1, 1),
		('TCS_CIVILIZATION_JERUSALEM',  'LOC_CITIZEN_TCS_JERUSALEM_MODERN_FEMALE_7', 1, 1),
		('TCS_CIVILIZATION_JERUSALEM',  'LOC_CITIZEN_TCS_JERUSALEM_MODERN_FEMALE_8', 1, 1),
		('TCS_CIVILIZATION_JERUSALEM',  'LOC_CITIZEN_TCS_JERUSALEM_MODERN_FEMALE_9', 1, 1),
		('TCS_CIVILIZATION_JERUSALEM',  'LOC_CITIZEN_TCS_JERUSALEM_MODERN_FEMALE_10', 1, 1);
		
--======
--TRAITS
--======
INSERT INTO Traits (TraitType, Name, Description)
	VALUES
		('TCS_TRAIT_CIVILIZATION_DEUS_VULT', 'LOC_TCS_TRAIT_CIVILIZATION_DEUS_VULT_NAME', 'LOC_TCS_TRAIT_CIVILIZATION_DEUS_VULT_DESCRIPTION'),
		('TCS_TRAIT_CIVILIZATION_UNIT_JERUSALEM_CRUSADER', 'LOC_TCS_TRAIT_CIVILIZATION_UNIT_JERUSALEM_CRUSADER_NAME', 'LOC_TCS_TRAIT_CIVILIZATION_UNIT_JERUSALEM_CRUSADER_DESCRIPTION'),
		('TCS_TRAIT_CIVILIZATION_BUILDING_CHAPTER_COMMANDERY', 'LOC_TCS_TRAIT_CIVILIZATION_BUILDING_CHAPTER_COMMANDERY_NAME', 'LOC_TCS_TRAIT_CIVILIZATION_BUILDING_CHAPTER_COMMANDERY_DESCRIPTION');

--================
--CIVILIZATION TRAITS
--================
INSERT INTO CivilizationTraits (CivilizationType, TraitType)
	VALUES
		('TCS_CIVILIZATION_JERUSALEM', 'TCS_TRAIT_CIVILIZATION_DEUS_VULT'),
		('TCS_CIVILIZATION_JERUSALEM', 'TCS_TRAIT_CIVILIZATION_UNIT_JERUSALEM_CRUSADER'),
		('TCS_CIVILIZATION_JERUSALEM', 'TCS_TRAIT_CIVILIZATION_BUILDING_CHAPTER_COMMANDERY');

--===============
--TRAIT MODIFIERS
--===============
INSERT INTO TraitModifiers (TraitType, ModifierId)
	VALUES
		('TCS_TRAIT_CIVILIZATION_DEUS_VULT', 'TCS_TRAIT_JERUSALEM_CONVERT_CAPTURE_CITIES'),
		('TCS_TRAIT_CIVILIZATION_DEUS_VULT', 'TCS_TRAIT_JERUSALEM_SHRINE_UNIT_PRODUCTION_BONUS'),
		('TCS_TRAIT_CIVILIZATION_DEUS_VULT', 'TCS_TRAIT_JERUSALEM_TEMPLE_UNIT_PRODUCTION_BONUS'),
		('TCS_TRAIT_CIVILIZATION_DEUS_VULT', 'TCS_TRAIT_JERUSALEM_BELIEFBUILDING_UNIT_PRODUCTION_BONUS'),
		('TCS_TRAIT_CIVILIZATION_DEUS_VULT', 'TCS_TRAIT_CRUSADER_COMBAT_BONUS_OTHER_RELIGION');

--=========
--MODIFIERS
--=========
INSERT INTO DynamicModifiers (ModifierType, CollectionType, EffectType)
	VALUES
		('TCS_JERUSALEM_PLAYER_CITIES_ADJUST_UNIT_PRODUCTION', 'COLLECTION_PLAYER_CITIES', 'EFFECT_ADJUST_CITY_PRODUCTION_UNIT');

INSERT INTO Modifiers (ModifierId, ModifierType, OwnerRequirementSetId, SubjectRequirementSetId, Permanent)	
	VALUES
		('TCS_TRAIT_JERUSALEM_CONVERT_CAPTURE_CITIES', 'MODIFIER_PLAYER_UNITS_ATTACH_MODIFIER', NULL, NULL, 0),
		('TCS_JERUSALEM_CONVERT_CAPTURED_CITIES', 'MODIFIER_PLAYER_UNIT_ADJUST_CITY_ON_CAPTURE', NULL, NULL, 0),
		('TCS_TRAIT_JERUSALEM_SHRINE_UNIT_PRODUCTION_BONUS', 'TCS_JERUSALEM_PLAYER_CITIES_ADJUST_UNIT_PRODUCTION', NULL, 'TCS_JERUSALEM_CITY_HAS_SHRINE', 0),
		('TCS_TRAIT_JERUSALEM_TEMPLE_UNIT_PRODUCTION_BONUS', 'TCS_JERUSALEM_PLAYER_CITIES_ADJUST_UNIT_PRODUCTION', NULL, 'TCS_JERUSALEM_CITY_HAS_TEMPLE', 0),
		('TCS_TRAIT_JERUSALEM_BELIEFBUILDING_UNIT_PRODUCTION_BONUS', 'TCS_JERUSALEM_PLAYER_CITIES_ADJUST_UNIT_PRODUCTION', NULL, 'TCS_JERUSALEM_CITY_HAS_BELIEF_BUILDING', 0),
		('TCS_TRAIT_CRUSADER_COMBAT_BONUS_OTHER_RELIGION', 'MODIFIER_PLAYER_UNITS_ATTACH_MODIFIER', NULL, 'TCS_JERUSALEM_UNIT_IS_CRUSADER', 0),
		('TCS_CRUSADER_COMBAT_BONUS_OTHER_RELIGION_MODIFIER', 'MODIFIER_UNIT_ADJUST_COMBAT_STRENGTH', NULL, 'REQUIREMENTS_OPPONENT_IS_OTHER_RELIGION', 0);
		
INSERT INTO ModifierArguments (ModifierId, Name, Value)
	VALUES
		('TCS_TRAIT_JERUSALEM_CONVERT_CAPTURE_CITIES', 'ModifierId', 'TCS_JERUSALEM_CONVERT_CAPTURED_CITIES'),
		('TCS_JERUSALEM_CONVERT_CAPTURED_CITIES', 'Enable', 'true'),
		('TCS_TRAIT_JERUSALEM_SHRINE_UNIT_PRODUCTION_BONUS', 'Amount', 2),
		('TCS_TRAIT_JERUSALEM_TEMPLE_UNIT_PRODUCTION_BONUS', 'Amount', 3),
		('TCS_TRAIT_JERUSALEM_BELIEFBUILDING_UNIT_PRODUCTION_BONUS', 'Amount', 4),
		('TCS_TRAIT_CRUSADER_COMBAT_BONUS_OTHER_RELIGION', 'ModifierId', 'TCS_CRUSADER_COMBAT_BONUS_OTHER_RELIGION_MODIFIER'),
		('TCS_CRUSADER_COMBAT_BONUS_OTHER_RELIGION_MODIFIER', 'Amount', 10);

INSERT INTO ModifierStrings (ModifierId, Context, Text)
	VALUES
		('TCS_CRUSADER_COMBAT_BONUS_OTHER_RELIGION_MODIFIER', 'Preview', 'LOC_TCS_CRUSADER_COMBAT_BONUS_OTHER_RELIGION_DESCRIPTION');

INSERT INTO RequirementSets (RequirementSetId, RequirementSetType)
	VALUES
		('TCS_JERUSALEM_CITY_HAS_SHRINE', 'REQUIREMENTSET_TEST_ALL'),
		('TCS_JERUSALEM_CITY_HAS_TEMPLE', 'REQUIREMENTSET_TEST_ALL'),
		('TCS_JERUSALEM_CITY_HAS_BELIEF_BUILDING', 'REQUIREMENTSET_TEST_ANY'),
		('TCS_JERUSALEM_UNIT_IS_CRUSADER', 'REQUIREMENTSET_TEST_ALL');
		
INSERT INTO RequirementSetRequirements (RequirementSetId, RequirementId)
	VALUES
		('TCS_JERUSALEM_CITY_HAS_SHRINE', 'TCS_JERUSALEM_REQUIRES_CITY_HAS_SHRINE'),
		('TCS_JERUSALEM_CITY_HAS_TEMPLE', 'TCS_JERUSALEM_REQUIRES_CITY_HAS_TEMPLE'),
		('TCS_JERUSALEM_CITY_HAS_BELIEF_BUILDING', 'TCS_JERUSALEM_REQUIRES_CITY_HAS_CATHEDRAL'),
		('TCS_JERUSALEM_CITY_HAS_BELIEF_BUILDING', 'TCS_JERUSALEM_REQUIRES_CITY_HAS_GURDWARA'),
		('TCS_JERUSALEM_CITY_HAS_BELIEF_BUILDING', 'TCS_JERUSALEM_REQUIRES_CITY_HAS_MEETING_HOUSE'),
		('TCS_JERUSALEM_CITY_HAS_BELIEF_BUILDING', 'TCS_JERUSALEM_REQUIRES_CITY_HAS_MOSQUE'),
		('TCS_JERUSALEM_CITY_HAS_BELIEF_BUILDING', 'TCS_JERUSALEM_REQUIRES_CITY_HAS_PAGODA'),
		('TCS_JERUSALEM_CITY_HAS_BELIEF_BUILDING', 'TCS_JERUSALEM_REQUIRES_CITY_HAS_SYNAGOGUE'),
		('TCS_JERUSALEM_CITY_HAS_BELIEF_BUILDING', 'TCS_JERUSALEM_REQUIRES_CITY_HAS_WAT'),
		('TCS_JERUSALEM_UNIT_IS_CRUSADER', 'TCS_JERUSALEM_REQUIRES_UNIT_IS_CRUSADER');

INSERT INTO Requirements (RequirementId, RequirementType)
	VALUES
		('TCS_JERUSALEM_REQUIRES_CITY_HAS_SHRINE', 'REQUIREMENT_CITY_HAS_BUILDING'),
		('TCS_JERUSALEM_REQUIRES_CITY_HAS_TEMPLE', 'REQUIREMENT_CITY_HAS_BUILDING'),
		('TCS_JERUSALEM_REQUIRES_CITY_HAS_CATHEDRAL', 'REQUIREMENT_CITY_HAS_BUILDING'),
		('TCS_JERUSALEM_REQUIRES_CITY_HAS_GURDWARA', 'REQUIREMENT_CITY_HAS_BUILDING'),
		('TCS_JERUSALEM_REQUIRES_CITY_HAS_MEETING_HOUSE', 'REQUIREMENT_CITY_HAS_BUILDING'),
		('TCS_JERUSALEM_REQUIRES_CITY_HAS_MOSQUE', 'REQUIREMENT_CITY_HAS_BUILDING'),
		('TCS_JERUSALEM_REQUIRES_CITY_HAS_PAGODA', 'REQUIREMENT_CITY_HAS_BUILDING'),
		('TCS_JERUSALEM_REQUIRES_CITY_HAS_SYNAGOGUE', 'REQUIREMENT_CITY_HAS_BUILDING'),
		('TCS_JERUSALEM_REQUIRES_CITY_HAS_WAT', 'REQUIREMENT_CITY_HAS_BUILDING'),
		('TCS_JERUSALEM_REQUIRES_UNIT_IS_CRUSADER', 'REQUIREMENT_UNIT_TYPE_MATCHES');

INSERT INTO RequirementArguments (RequirementId, Name, Value)
	VALUES
		('TCS_JERUSALEM_REQUIRES_CITY_HAS_SHRINE', 'BuildingType', 'BUILDING_SHRINE'),
		('TCS_JERUSALEM_REQUIRES_CITY_HAS_TEMPLE', 'BuildingType', 'BUILDING_TEMPLE'),
		('TCS_JERUSALEM_REQUIRES_CITY_HAS_CATHEDRAL', 'BuildingType', 'BUILDING_CATHEDRAL'),
		('TCS_JERUSALEM_REQUIRES_CITY_HAS_GURDWARA', 'BuildingType', 'BUILDING_GURDWARA'),
		('TCS_JERUSALEM_REQUIRES_CITY_HAS_MEETING_HOUSE', 'BuildingType', 'BUILDING_MEETING_HOUSE'),
		('TCS_JERUSALEM_REQUIRES_CITY_HAS_MOSQUE', 'BuildingType', 'BUILDING_MOSQUE'),
		('TCS_JERUSALEM_REQUIRES_CITY_HAS_PAGODA', 'BuildingType', 'BUILDING_PAGODA'),
		('TCS_JERUSALEM_REQUIRES_CITY_HAS_SYNAGOGUE', 'BuildingType', 'BUILDING_SYNAGOGUE'),
		('TCS_JERUSALEM_REQUIRES_CITY_HAS_WAT', 'BuildingType', 'BUILDING_WAT'),
		('TCS_JERUSALEM_REQUIRES_UNIT_IS_CRUSADER', 'UnitType', 'TCS_UNIT_CRUSADER');
		
--============
--START BIASES
--============
INSERT INTO StartBiasResources (CivilizationType, ResourceType, Tier)
	VALUES
		('TCS_CIVILIZATION_JERUSALEM', 'RESOURCE_SILVER', 5);

INSERT INTO StartBiasFeatures (CivilizationType, FeatureType, Tier)
	VALUES
		('TCS_CIVILIZATION_JERUSALEM', 'FEATURE_DEAD_SEA', 5);

INSERT INTO StartBiasTerrains (CivilizationType, TerrainType, Tier)
	VALUES
		('TCS_CIVILIZATION_JERUSALEM', 'TERRAIN_GRASS_HILLS', 3),
		('TCS_CIVILIZATION_JERUSALEM', 'TERRAIN_PLAINS_HILLS', 3);

--========
--TRIGGERS
--========
CREATE TRIGGER TCS_Jerusalem_DistrictAdjacencyTrigger
AFTER INSERT ON CivilizationTraits
BEGIN
INSERT INTO ExcludedAdjacencies (TraitType, YieldChangeId)
VALUES (NEW.TraitType, 'TCS_Jerusalem_Encampment_Faith');
END;

--=============
--YNAMP SUPPORT
--=============
CREATE TABLE IF NOT EXISTS StartPosition
    (    
	MapName TEXT NOT NULL,
    Civilization TEXT,
    Leader TEXT,
    DisabledByCivilization TEXT,
    DisabledByLeader TEXT,
    AlternateStart INT default 0,    
    X INT default 0,
    Y INT default 0);

INSERT INTO StartPosition (MapName, Civilization, X, Y)
	VALUES
		('GreatestEarthMap', 'TCS_CIVILIZATION_JERUSALEM', 63, 38),
		('GiantEarth', 'TCS_CIVILIZATION_JERUSALEM', 36, 51),
		('LargestEarth', 'TCS_CIVILIZATION_JERUSALEM', 46, 63),
		('PlayEuropeAgain', 'TCS_CIVILIZATION_JERUSALEM', 82, 12);

UPDATE StartPosition
SET X = 75, Y = 39, DisabledByLeader = 'LEADER_GANDHI'
WHERE MapName = 'GreatestEarthMap' AND Civilization = 'CIVILIZATION_JERUSALEM';

UPDATE StartPosition
SET X = 61, Y = 52, DisabledByLeader = 'LEADER_GANDHI'
WHERE MapName = 'GiantEarth' AND Civilization = 'CIVILIZATION_JERUSALEM';

UPDATE StartPosition
SET X = 80, Y = 65, DisabledByLeader = 'LEADER_GANDHI'
WHERE MapName = 'LargestEarth' AND Civilization = 'CIVILIZATION_JERUSALEM';

DELETE FROM StartPosition
WHERE MapName = 'PlayEuropeAgain' AND Civilization = 'CIVILIZATION_JERUSALEM';