-- TCS_Jerusalem_BaldwinIV_Database
-- Author: thecrazyscotsman
-- DateCreated: 9/3/2017 2:10:00 PM
--------------------------------------------------------------

--=====
--TYPES
--=====
INSERT INTO Types (Type, Kind)
	VALUES
		('TCS_LEADER_BALDWIN_IV', 'KIND_LEADER'),
		('TCS_TRAIT_LEADER_CROSS_OF_MONTISGARDE', 'KIND_TRAIT'),
		('TCS_TRAIT_AGENDA_LEPER_KING', 'KIND_TRAIT'),
		('TCS_BALDWINIV_SINGLE_CITY_GRANT_YIELD_PER_UNIT_COST', 'KIND_MODIFIER');

--=================
--CIVILIZATION LEADERS
--=================
INSERT INTO CivilizationLeaders (CivilizationType, LeaderType, CapitalName)
	VALUES
		('TCS_CIVILIZATION_JERUSALEM', 'TCS_LEADER_BALDWIN_IV', 'LOC_TCS_CITY_NAME_JERUSALEM');
		
--=======
--LEADERS
--=======
INSERT INTO Leaders (LeaderType, Name, InheritFrom, SceneLayers)
	VALUES
		('TCS_LEADER_BALDWIN_IV', 'LOC_TCS_LEADER_BALDWIN_IV_NAME', 'LEADER_DEFAULT', 4);

INSERT INTO LeaderQuotes (LeaderType, Quote)
	VALUES
		('TCS_LEADER_BALDWIN_IV', 'LOC_PEDIA_LEADERS_PAGE_TCS_LEADER_BALDWIN_IV_QUOTE');		

--=======
--COLORS
--=======
INSERT INTO PlayerColors (Type, Usage, PrimaryColor, SecondaryColor, TextColor)
	VALUES
		('TCS_LEADER_BALDWIN_IV', 'Unique', 'COLOR_PLAYER_TCS_JERUSALEM_BALDWIN_IV_PRIMARY', 'COLOR_PLAYER_TCS_JERUSALEM_BALDWIN_IV_SECONDARY', 'COLOR_PLAYER_WHITE_TEXT');

INSERT INTO Colors (Type, Color)
	VALUES
		('COLOR_PLAYER_TCS_JERUSALEM_BALDWIN_IV_PRIMARY', '95,107,147,255'),
		('COLOR_PLAYER_TCS_JERUSALEM_BALDWIN_IV_SECONDARY', '255,191,80,255');

--===========
--LOADING INFO
--===========
INSERT INTO LoadingInfo (LeaderType, BackgroundImage, ForegroundImage, PlayDawnOfManAudio)
	VALUES
		('TCS_LEADER_BALDWIN_IV', 'LEADER_GILGAMESH_BACKGROUND', 'LEADER_TCS_BALDWIN_IV_NEUTRAL', 0);
				
--======
--TRAITS
--======
INSERT INTO LeaderTraits (LeaderType, TraitType)
	VALUES
		('TCS_LEADER_BALDWIN_IV', 'TCS_TRAIT_LEADER_CROSS_OF_MONTISGARDE');

INSERT INTO Traits (TraitType, Name, Description)
	VALUES
		('TCS_TRAIT_LEADER_CROSS_OF_MONTISGARDE', 'LOC_TCS_TRAIT_LEADER_CROSS_OF_MONTISGARDE_NAME', 'LOC_TCS_TRAIT_LEADER_CROSS_OF_MONTISGARDE_DESCRIPTION'),
		('TCS_TRAIT_AGENDA_LEPER_KING', 'LOC_PLACEHOLDER', 'LOC_PLACEHOLDER');	
		
--========
--AGENDAS	
--========
INSERT INTO Agendas (AgendaType, Name, Description)
	VALUES
		('TCS_AGENDA_LEPER_KING', 'LOC_TCS_AGENDA_LEPER_KING_NAME', 'LOC_TCS_AGENDA_LEPER_KING_DESCRIPTION');

INSERT INTO HistoricalAgendas (LeaderType, AgendaType)
	VALUES
		('TCS_LEADER_BALDWIN_IV', 'TCS_AGENDA_LEPER_KING');

INSERT INTO AgendaTraits (AgendaType, TraitType)
	VALUES
		('TCS_AGENDA_LEPER_KING', 'TCS_TRAIT_AGENDA_LEPER_KING');

--========
--LEADER AI
--========
INSERT INTO AiListTypes (ListType)
	VALUES
		('TCS_BaldwinIV_Buildings'),
		('TCS_BaldwinIV_Districts'),
		('TCS_BaldwinIV_Civics'),
		('TCS_BaldwinIV_Techs'),
		('TCS_BaldwinIV_Units'),
		('TCS_BaldwinIV_Settlement'),
		('TCS_BaldwinIV_Pseudoyields'),
		('TCS_BaldwinIV_Diplomacy');
	
INSERT INTO AiLists	(ListType, LeaderType, AgendaType, System)
	VALUES
		('TCS_BaldwinIV_Buildings', 'TCS_TRAIT_LEADER_CROSS_OF_MONTISGARDE', NULL, 'Buildings'),
		('TCS_BaldwinIV_Districts', 'TCS_TRAIT_LEADER_CROSS_OF_MONTISGARDE', NULL, 'Districts'),
		('TCS_BaldwinIV_Civics', 'TCS_TRAIT_LEADER_CROSS_OF_MONTISGARDE', NULL, 'Civics'),
		('TCS_BaldwinIV_Techs', 'TCS_TRAIT_LEADER_CROSS_OF_MONTISGARDE', NULL, 'Technologies'),
		('TCS_BaldwinIV_Units', 'TCS_TRAIT_LEADER_CROSS_OF_MONTISGARDE', NULL, 'Units'),
		('TCS_BaldwinIV_Settlement', 'TCS_TRAIT_LEADER_CROSS_OF_MONTISGARDE', NULL, 'PlotEvaluations'),
		('TCS_BaldwinIV_Pseudoyields', 'TCS_TRAIT_LEADER_CROSS_OF_MONTISGARDE', NULL, 'PseudoYields'),
		('TCS_BaldwinIV_Diplomacy', 'TCS_TRAIT_LEADER_CROSS_OF_MONTISGARDE', NULL, 'DiplomaticActions');
		
INSERT INTO AiFavoredItems (ListType, Favored, Value, Item, StringVal)
	VALUES
		('TCS_BaldwinIV_Buildings', 1, 0, 'TCS_BUILDING_CHAPTER_COMMANDERY', NULL),
		('TCS_BaldwinIV_Buildings', 0, 0, 'BUILDING_STABLE', NULL),
		('TCS_BaldwinIV_Buildings', 1, 0, 'BUILDING_ARMORY', NULL),
		('TCS_BaldwinIV_Buildings', 1, 0, 'BUILDING_MILITARY_ACADEMY', NULL),
		('TCS_BaldwinIV_Buildings', 1, 0, 'BUILDING_WALLS', NULL),
		('TCS_BaldwinIV_Buildings', 1, 0, 'BUILDING_CASTLE', NULL),
		('TCS_BaldwinIV_Buildings', 1, 0, 'BUILDING_STAR_FORT', NULL),
		('TCS_BaldwinIV_Buildings', 1, 0, 'BUILDING_MARKET', NULL),
		('TCS_BaldwinIV_Buildings', 1, 0, 'BUILDING_BANK', NULL),
		('TCS_BaldwinIV_Buildings', 1, 0, 'BUILDING_STOCK_EXCHANGE', NULL),
		('TCS_BaldwinIV_Buildings', 1, 0, 'BUILDING_GRANARY', NULL),
		('TCS_BaldwinIV_Buildings', 1, 0, 'BUILDING_SEWER', NULL),
		('TCS_BaldwinIV_Buildings', 1, 0, 'BUILDING_STONEHENGE', NULL),
		('TCS_BaldwinIV_Buildings', 1, 0, 'BUILDING_MONT_ST_MICHEL', NULL),
		('TCS_BaldwinIV_Districts', 1, 0, 'DISTRICT_HOLY_SITE', NULL),
		('TCS_BaldwinIV_Districts', 1, 0, 'DISTRICT_ENCAMPMENT', NULL),
		('TCS_BaldwinIV_Districts', 1, 0, 'DISTRICT_COMMERCIAL_HUB', NULL),
		('TCS_BaldwinIV_Civics', 1, 0, 'CIVIC_POLITICAL_PHILOSOPHY', NULL),
		('TCS_BaldwinIV_Civics', 1, 0, 'CIVIC_THEOLOGY', NULL),
		('TCS_BaldwinIV_Civics', 1, 0, 'CIVIC_DIVINE_RIGHT', NULL),
		('TCS_BaldwinIV_Civics', 1, 0, 'CIVIC_FOREIGN_TRADE', NULL),
		('TCS_BaldwinIV_Civics', 1, 0, 'CIVIC_MILITARY_TRADITION', NULL),
		('TCS_BaldwinIV_Civics', 1, 0, 'CIVIC_MILITARY_TRAINING', NULL),
		('TCS_BaldwinIV_Civics', 1, 0, 'CIVIC_FEUDALISM', NULL),
		('TCS_BaldwinIV_Techs', 1, 0, 'TECH_BRONZE_WORKING', NULL),
		('TCS_BaldwinIV_Techs', 1, 0, 'TECH_IRON_WORKING', NULL),
		('TCS_BaldwinIV_Techs', 1, 0, 'TECH_GUNPOWDER', NULL),
		('TCS_BaldwinIV_Techs', 1, 0, 'TECH_HORSEBACK_RIDING', NULL),
		('TCS_BaldwinIV_Techs', 1, 0, 'TECH_STIRRUPS', NULL),
		('TCS_BaldwinIV_Techs', 1, 0, 'TECH_CURRENCY', NULL),
		('TCS_BaldwinIV_Techs', 1, 0, 'TECH_COMBUSTION', NULL),
		('TCS_BaldwinIV_Units', 1, 0, 'TCS_UNIT_CRUSADER', NULL),
		('TCS_BaldwinIV_Units', 1, 0, 'UNIT_TANK', NULL),
		('TCS_BaldwinIV_Settlement', 1, 0, 'Fresh Water', NULL),
		('TCS_BaldwinIV_Settlement', 1, 0, 'Resource Class', 'RESOURCECLASS_STRATEGIC'),
		('TCS_BaldwinIV_Settlement', 1, 0, 'Specific Feature', 'FEATURE_CRATER_LAKE'),
		('TCS_BaldwinIV_Settlement', 1, 0, 'Specific Feature', 'FEATURE_DEAD_SEA'),
		('TCS_BaldwinIV_Settlement', 1, 0, 'Specific Feature', 'FEATURE_OASIS'),
		('TCS_BaldwinIV_Pseudoyields', 1, 0, 'PSEUDOYIELD_GPP_PROPHET', NULL),
		('TCS_BaldwinIV_Pseudoyields', 1, 0, 'PSEUDOYIELD_GPP_GENERAL', NULL),
		('TCS_BaldwinIV_Pseudoyields', 1, 0, 'PSEUDOYIELD_GREATWORK_RELIGIOUS', NULL),
		('TCS_BaldwinIV_Pseudoyields', 1, 0, 'PSEUDOYIELD_GREATWORK_RELIC', NULL),
		('TCS_BaldwinIV_Pseudoyields', 1, 0, 'PSEUDOYIELD_UNIT_COMBAT', NULL),
		('TCS_BaldwinIV_Pseudoyields', 1, 0, 'PSEUDOYIELD_UNIT_RELIGIOUS', NULL),
		('TCS_BaldwinIV_Pseudoyields', 1, 0, 'PSEUDOYIELD_UNIT_TRADE', NULL),
		('TCS_BaldwinIV_Diplomacy', 1, 0, 'DIPLOACTION_DECLARE_HOLY_WAR', NULL),
		('TCS_BaldwinIV_Diplomacy', 1, 0, 'DIPLOACTION_PROPOSE_TRADE', NULL),
		('TCS_BaldwinIV_Diplomacy', 1, 0, 'DIPLOACTION_ALLIANCE', NULL),
		('TCS_BaldwinIV_Diplomacy', 1, 0, 'DIPLOACTION_DEFENSIVE_PACT', NULL);

--===============
--TRAIT MODIFIERS
--===============
INSERT INTO TraitModifiers (TraitType, ModifierId)
	VALUES
		('TCS_TRAIT_LEADER_CROSS_OF_MONTISGARDE', 'TCS_TRAIT_COMMANDERY_FAITH_TRAINED_UNIT_BONUS'),
		('TCS_TRAIT_LEADER_CROSS_OF_MONTISGARDE', 'TCS_TRAIT_HOLYSITE_NORMALSTRENGTHWHENWOUNDED_BONUS'),
		('TCS_TRAIT_LEADER_CROSS_OF_MONTISGARDE', 'TCS_TRAIT_HOLYSITE_POSTCOMBATHEAL_BONUS'),
		('TCS_TRAIT_AGENDA_LEPER_KING', 'TCS_AGENDA_LEPER_KING_SAME_RELIGION'),
		('TCS_TRAIT_AGENDA_LEPER_KING', 'TCS_AGENDA_LEPER_KING_RELIGIOUS_FRIEND'),
		('TCS_TRAIT_AGENDA_LEPER_KING', 'TCS_AGENDA_LEPER_KING_DIFFERENT_RELIGION_FOUNDER');

--=========
--MODIFIERS
--=========
INSERT INTO DynamicModifiers (ModifierType, CollectionType, EffectType)
	VALUES
		('TCS_BALDWINIV_SINGLE_CITY_GRANT_YIELD_PER_UNIT_COST', 'COLLECTION_OWNER', 'EFFECT_GRANT_CITY_YIELD_PERCENT_UNIT_CREATED_COST');

INSERT INTO Modifiers (ModifierId, ModifierType, OwnerRequirementSetId, SubjectRequirementSetId, RunOnce, Permanent)
	VALUES
		('TCS_TRAIT_COMMANDERY_FAITH_TRAINED_UNIT_BONUS', 'MODIFIER_PLAYER_CITIES_ATTACH_MODIFIER', NULL, 'TCS_BALDWINIV_CITY_HAS_COMMANDERY', 0, 0),
		('TCS_TRAIT_COMMANDERY_FAITH_TRAINED_UNIT_MODIFIER', 'TCS_BALDWINIV_SINGLE_CITY_GRANT_YIELD_PER_UNIT_COST', NULL, NULL, 1, 1),
		('TCS_TRAIT_HOLYSITE_NORMALSTRENGTHWHENWOUNDED_BONUS', 'MODIFIER_PLAYER_UNITS_ADJUST_STRENGTH_REDUCTION_FOR_DAMAGE_MODIFIER', NULL, 'TCS_BALDWINIV_PLOT_WITHIN_FOUR_HOLY_SITE', 0, 0),
		('TCS_TRAIT_HOLYSITE_POSTCOMBATHEAL_BONUS', 'MODIFIER_PLAYER_UNITS_ADJUST_HEAL_FROM_COMBAT', NULL, 'TCS_BALDWINIV_PLOT_WITHIN_FOUR_HOLY_SITE', 0, 0),
		('TCS_AGENDA_LEPER_KING_SAME_RELIGION', 'MODIFIER_PLAYER_DIPLOMACY_SIMPLE_MODIFIER', NULL, 'PLAYER_SAME_RELIGION', 0, 0),
		('TCS_AGENDA_LEPER_KING_RELIGIOUS_FRIEND', 'MODIFIER_PLAYER_DIPLOMACY_SIMPLE_MODIFIER', NULL, 'TCS_LEPERKING_SAMERELIGION_DECLAREDFRIEND', 0, 0),
		('TCS_AGENDA_LEPER_KING_DIFFERENT_RELIGION_FOUNDER', 'MODIFIER_PLAYER_DIPLOMACY_SIMPLE_MODIFIER', NULL, 'TCS_LEPERKING_DIFFERENTRELIGION_FOUNDER', 0, 0);

INSERT INTO ModifierArguments (ModifierId, Name, Value)
	VALUES
		('TCS_TRAIT_COMMANDERY_FAITH_TRAINED_UNIT_BONUS', 'ModifierId', 'TCS_TRAIT_COMMANDERY_FAITH_TRAINED_UNIT_MODIFIER'),
		('TCS_TRAIT_COMMANDERY_FAITH_TRAINED_UNIT_MODIFIER', 'YieldType', 'YIELD_FAITH'),
		('TCS_TRAIT_COMMANDERY_FAITH_TRAINED_UNIT_MODIFIER', 'UnitProductionPercent', 25),
		('TCS_TRAIT_HOLYSITE_NORMALSTRENGTHWHENWOUNDED_BONUS', 'Amount', 100),
		('TCS_TRAIT_HOLYSITE_POSTCOMBATHEAL_BONUS', 'Amount', 25),
		('TCS_AGENDA_LEPER_KING_SAME_RELIGION', 'InitialValue', 4),
		('TCS_AGENDA_LEPER_KING_SAME_RELIGION', 'StatementKey', 'LOC_DIPLO_KUDO_TCS_LEADER_BALDWIN_IV_ANY'),
		('TCS_AGENDA_LEPER_KING_SAME_RELIGION', 'SimpleModifierDescription', 'LOC_DIPLO_TCS_AGENDA_LEPER_KING_SAME_RELIGION'),
		('TCS_AGENDA_LEPER_KING_RELIGIOUS_FRIEND', 'InitialValue', 12),
		('TCS_AGENDA_LEPER_KING_RELIGIOUS_FRIEND', 'ReductionTurns', 10),
		('TCS_AGENDA_LEPER_KING_RELIGIOUS_FRIEND', 'ReductionValue', 1),
		('TCS_AGENDA_LEPER_KING_RELIGIOUS_FRIEND', 'MessageThrottle', 20),
		('TCS_AGENDA_LEPER_KING_RELIGIOUS_FRIEND', 'StatementKey', 'LOC_DIPLO_KUDO_TCS_LEADER_BALDWIN_IV_ANY'),
		('TCS_AGENDA_LEPER_KING_RELIGIOUS_FRIEND', 'SimpleModifierDescription', 'LOC_DIPLO_TCS_AGENDA_LEPER_KING_RELIGIOUS_FRIEND'),
		('TCS_AGENDA_LEPER_KING_DIFFERENT_RELIGION_FOUNDER', 'InitialValue', -12),
		('TCS_AGENDA_LEPER_KING_DIFFERENT_RELIGION_FOUNDER', 'StatementKey', 'LOC_DIPLO_WARNING_TCS_LEADER_BALDWIN_IV_ANY'),
		('TCS_AGENDA_LEPER_KING_DIFFERENT_RELIGION_FOUNDER', 'SimpleModifierDescription', 'LOC_DIPLO_TCS_AGENDA_LEPER_KING_DIFFERENT_RELIGION_FOUNDER');

INSERT INTO ModifierStrings (ModifierId, Context, Text)
	VALUES
		('TCS_AGENDA_LEPER_KING_SAME_RELIGION', 'Sample', 'LOC_TOOLTIP_SAMPLE_DIPLOMACY_ALL'),
		('TCS_AGENDA_LEPER_KING_RELIGIOUS_FRIEND', 'Sample', 'LOC_TOOLTIP_SAMPLE_DIPLOMACY_ALL'),
		('TCS_AGENDA_LEPER_KING_DIFFERENT_RELIGION_FOUNDER', 'Sample', 'LOC_TOOLTIP_SAMPLE_DIPLOMACY_ALL');

--============
--REQUIREMENTS
--============
INSERT INTO RequirementSets (RequirementSetId, RequirementSetType)
	VALUES
		('TCS_BALDWINIV_CITY_HAS_COMMANDERY', 'REQUIREMENTSET_TEST_ALL'),
		('TCS_BALDWINIV_PLOT_WITHIN_FOUR_HOLY_SITE', 'REQUIREMENTSET_TEST_ALL'),
		('TCS_LEPERKING_SAMERELIGION_DECLAREDFRIEND', 'REQUIREMENTSET_TEST_ALL'),
		('TCS_LEPERKING_DIFFERENTRELIGION_FOUNDER', 'REQUIREMENTSET_TEST_ALL');
		
INSERT INTO RequirementSetRequirements (RequirementSetId, RequirementId)
	VALUES
		('TCS_BALDWINIV_CITY_HAS_COMMANDERY', 'TCS_BALDWINIV_REQUIRES_COMMANDERY'),
		('TCS_BALDWINIV_PLOT_WITHIN_FOUR_HOLY_SITE', 'TCS_BALDWINIV_REQUIRES_PLOT_WITHIN_FOUR_HOLY_SITE'),
		('TCS_LEPERKING_SAMERELIGION_DECLAREDFRIEND', 'REQUIRES_MAJOR_CIV_OPPONENT'),
		('TCS_LEPERKING_SAMERELIGION_DECLAREDFRIEND', 'REQUIRES_PLAYER_DECLARED_FRIEND'),
		('TCS_LEPERKING_SAMERELIGION_DECLAREDFRIEND', 'REQUIRES_PLAYER_AT_PEACE'),
		('TCS_LEPERKING_SAMERELIGION_DECLAREDFRIEND', 'REQUIRES_SAME_RELIGION'),
		('TCS_LEPERKING_SAMERELIGION_DECLAREDFRIEND', 'REQUIRES_MET_10_TURNS_AGO'),
		('TCS_LEPERKING_DIFFERENTRELIGION_FOUNDER', 'REQUIRES_MAJOR_CIV_OPPONENT'),
		('TCS_LEPERKING_DIFFERENTRELIGION_FOUNDER', 'REQUIRES_MET_10_TURNS_AGO'),
		('TCS_LEPERKING_DIFFERENTRELIGION_FOUNDER', 'REQUIRES_PLAYER_FOUNDED_RELIGION'),
		('TCS_LEPERKING_DIFFERENTRELIGION_FOUNDER', 'TCS_LEPERKING_REQUIRES_DIFFERENT_RELIGION');

INSERT INTO Requirements (RequirementId, RequirementType, Inverse)
	VALUES
		('TCS_BALDWINIV_REQUIRES_COMMANDERY', 'REQUIREMENT_CITY_HAS_BUILDING', 0),
		('TCS_BALDWINIV_REQUIRES_PLOT_WITHIN_FOUR_HOLY_SITE', 'REQUIREMENT_PLOT_ADJACENT_DISTRICT_TYPE_MATCHES', 0),
		('TCS_LEPERKING_REQUIRES_DIFFERENT_RELIGION', 'REQUIREMENT_PLAYER_IS_SAME_RELIGION', 1);

INSERT INTO RequirementArguments (RequirementId, Name, Value)
	VALUES
		('TCS_BALDWINIV_REQUIRES_COMMANDERY', 'BuildingType', 'TCS_BUILDING_CHAPTER_COMMANDERY'),
		('TCS_BALDWINIV_REQUIRES_PLOT_WITHIN_FOUR_HOLY_SITE', 'DistrictType', 'DISTRICT_HOLY_SITE'),
		('TCS_BALDWINIV_REQUIRES_PLOT_WITHIN_FOUR_HOLY_SITE', 'MinRange', 0),
		('TCS_BALDWINIV_REQUIRES_PLOT_WITHIN_FOUR_HOLY_SITE', 'MaxRange', 4);

--===============
--FAVORED RELIGIONS
--===============
INSERT OR REPLACE INTO FavoredReligions	(LeaderType, ReligionType)
SELECT 'TCS_LEADER_BALDWIN_IV', ReligionType
FROM Religions WHERE ReligionType = 'RELIGION_CATHOLICISM';

--=====================
--RULE WITH FAITH SUPPORT
--=====================
CREATE TABLE IF NOT EXISTS Leader_Titles 
	(
	LeaderType TEXT default null,
	GovernmentType TEXT default null,
	LeaderTitle	TEXT default null,
	PolicyType TEXT default null,
	UseFeminine	BOOLEAN	default 0,
	TitleIsFullName	BOOLEAN	default 0
	);	

INSERT INTO Leader_Titles (LeaderType, GovernmentType, PolicyType, LeaderTitle)
	VALUES
		('TCS_LEADER_BALDWIN_IV', 'GOVERNMENT_CHIEFDOM', NULL, 'LOC_GOVERNMENT_JFD_CHIEFDOM_LEADER_TITLE_TCS_BALDWIN_IV'),
		('TCS_LEADER_BALDWIN_IV', 'GOVERNMENT_AUTOCRACY', NULL, 'LOC_GOVERNMENT_JFD_AUTOCRACY_LEADER_TITLE_TCS_BALDWIN_IV'),
		('TCS_LEADER_BALDWIN_IV', 'GOVERNMENT_OLIGARCHY', NULL, 'LOC_GOVERNMENT_JFD_OLIGARCHY_LEADER_TITLE_TCS_BALDWIN_IV'),
		('TCS_LEADER_BALDWIN_IV', 'GOVERNMENT_CLASSICAL_REPUBLIC', NULL, 'LOC_GOVERNMENT_JFD_CLASSICAL_DEMOCRACY_LEADER_TITLE_TCS_BALDWIN_IV'),
		('TCS_LEADER_BALDWIN_IV', 'GOVERNMENT_MERCHANT_REPUBLIC', NULL, 'LOC_GOVERNMENT_JFD_MERCHANT_REPUBLIC_LEADER_TITLE_TCS_BALDWIN_IV'),
		('TCS_LEADER_BALDWIN_IV', 'GOVERNMENT_MONARCHY', NULL, 'LOC_GOVERNMENT_JFD_MONARCHY_LEADER_TITLE_TCS_BALDWIN_IV'),
		('TCS_LEADER_BALDWIN_IV', 'GOVERNMENT_JFD_ABSOLUTE_MONARCHY', NULL, 'LOC_GOVERNMENT_JFD_MONARCHY_LEADER_TITLE_TCS_BALDWIN_IV'),
		('TCS_LEADER_BALDWIN_IV', 'GOVERNMENT_JFD_CONSTITUTIONAL_MONARCHY', NULL, 'LOC_GOVERNMENT_JFD_MONARCHY_LEADER_TITLE_TCS_BALDWIN_IV'),
		('TCS_LEADER_BALDWIN_IV', 'GOVERNMENT_JFD_NOBLE_REPUBLIC', NULL, 'LOC_GOVERNMENT_JFD_NOBLE_REPUBLIC_LEADER_TITLE_TCS_BALDWIN_IV'),
		('TCS_LEADER_BALDWIN_IV', 'GOVERNMENT_DEMOCRACY', NULL, 'LOC_GOVERNMENT_JFD_LIBERAL_DEMOCRACY_LEADER_TITLE_TCS_BALDWIN_IV'),
		('TCS_LEADER_BALDWIN_IV', 'GOVERNMENT_COMMUNISM', NULL, 'LOC_GOVERNMENT_JFD_PEOPLES_REPUBLIC_LEADER_TITLE_TCS_BALDWIN_IV'),
		('TCS_LEADER_BALDWIN_IV', 'GOVERNMENT_FASCISM', NULL, 'LOC_GOVERNMENT_JFD_MILITARY_GUARDIANSHIP_LEADER_TITLE_TCS_BALDWIN_IV'),
		('TCS_LEADER_BALDWIN_IV', NULL, 'POLICY_JFD_EMPIRE', 'LOC_GOVERNMENT_JFD_EMPIRE_LEADER_TITLE_TCS_BALDWIN_IV');

DELETE FROM Leader_Titles WHERE LeaderType = 'TCS_LEADER_BALDWIN_IV' AND GovernmentType IS NOT NULL AND GovernmentType NOT IN (SELECT GovernmentType FROM Governments);
DELETE FROM Leader_Titles WHERE LeaderType = 'TCS_LEADER_BALDWIN_IV' AND PolicyType IS NOT NULL AND PolicyType NOT IN (SELECT PolicyType FROM Policies);